owner,repo,workflow,action
joshjohanning-org,MyShuttle,.github/workflows/ci-cd.yml,./actions/provision-and-deploy
joshjohanning-org,MyShuttle,.github/workflows/ci-cd.yml,./actions/provision-and-deploy
joshjohanning-org,MyShuttle,.github/workflows/ci-cd.yml,./actions/provision-and-deploy
joshjohanning-org,importer-issue-ops,.github/workflows/ci.yml,actions/checkout@v2
joshjohanning-org,importer-issue-ops,.github/workflows/ci.yml,actions/checkout@v2
joshjohanning-org,dependabot-azure-artifacts-nuget,.github/workflows/nuget-publish.yml,actions/checkout@v2
joshjohanning-org,zero-to-hero-codeql-test,.github/workflows/codeql-analysis.yml,actions/checkout@v2
joshjohanning-org,MyShuttle,.github/workflows/ci-cd.yml,actions/checkout@v2
joshjohanning-org,MyShuttle,.github/workflows/ci-cd.yml,actions/checkout@v2
joshjohanning-org,MyShuttle,.github/workflows/ci-cd.yml,actions/checkout@v2
joshjohanning-org,MyShuttle,.github/workflows/ci-cd.yml,actions/checkout@v2
joshjohanning-org,MyShuttle,.github/workflows/ci-cd.yml,actions/checkout@v2
joshjohanning-org,MyShuttle,.github/workflows/ci-cd.yml,actions/checkout@v2
joshjohanning-org,migrations-via-actions-v3-from-gitlab-ghes-to-ghec-mods,.github/workflows/docker-image.yml,actions/checkout@v2
joshjohanning-org,migrations-via-actions-v3-gei,.github/workflows/migration-delete-repositories.yml,actions/checkout@v2
joshjohanning-org,VSLiveAustin22,.github/workflows/blank.yml,actions/checkout@v3
joshjohanning-org,new-org-issueops,.github/workflows/create-org.yml,actions/checkout@v3
joshjohanning-org,migrations-via-actions-v3-from-gitlab-ghes-to-ghec-parser-updates-using-API,.github/workflows/migration-prepare.yml,actions/checkout@v3
joshjohanning-org,azdo-commit-message-enforcer-testing,.github/workflows/pr-commit-message-enforcer-and-linker.yml,actions/checkout@v3
joshjohanning-org,readtime6-actions-lab,.github/workflows/readingtime6.yml,actions/checkout@v3
joshjohanning-org,new-org-issueops,.github/workflows/create-org.yml,actions/github-script@v5
joshjohanning-org,new-org-issueops,.github/workflows/create-org.yml,actions/github-script@v5
joshjohanning-org,migrations-via-actions-v3-gei,.github/workflows/migration-delete-repositories.yml,actions/github-script@v5
joshjohanning-org,issueops-services-mockup,.github/workflows/prepare.yml,actions/github-script@v6
joshjohanning-org,issueops-services-mockup,.github/workflows/prepare.yml,actions/github-script@v6
joshjohanning-org,migrations-via-actions-v3-from-gitlab-ghes-to-ghec-parser-updates-using-API,.github/workflows/migration-prepare.yml,actions/github-script@v6
joshjohanning-org,migrations-via-actions-v3-from-gitlab-ghes-to-ghec-parser-updates-using-API,.github/workflows/migration-prepare.yml,actions/github-script@v6
joshjohanning-org,readtime6-actions-lab,.github/workflows/readingtime6.yml,actions/setup-dotnet@v2
joshjohanning-org,MyShuttle,.github/workflows/ci-cd.yml,actions/setup-java@v2
joshjohanning-org,MyShuttle,.github/workflows/ci-cd.yml,actions/setup-java@v2
joshjohanning-org,migrations-via-actions-v3-gei,.github/workflows/migration-delete-repositories.yml,actions/setup-node@v2
joshjohanning-org,MyShuttle,.github/workflows/ci-cd.yml,actions/upload-artifact@v1
joshjohanning-org,MyShuttle,.github/workflows/ci-cd.yml,actions/upload-artifact@v1
joshjohanning-org,MyShuttle,.github/workflows/ci-cd.yml,actions/upload-artifact@v2
joshjohanning-org,MyShuttle,.github/workflows/ci-cd.yml,anchore/scan-action@v3
joshjohanning-org,MyShuttle,.github/workflows/ci-cd.yml,aquasecurity/trivy-action@master
joshjohanning-org,readtime6-actions-lab,.github/workflows/readingtime6.yml,azure/login@v1.1
joshjohanning-org,readtime6-actions-lab,.github/workflows/readingtime6.yml,azure/webapps-deploy@v2
joshjohanning-org,migrations-via-actions-v3-from-gitlab-ghes-to-ghec-mods,.github/workflows/docker-image.yml,docker/login-action@v1
joshjohanning-org,MyShuttle,.github/workflows/ci-cd.yml,EnricoMi/publish-unit-test-result-action@v1
joshjohanning-org,zero-to-hero-codeql-test,.github/workflows/codeql-analysis.yml,github/codeql-action/analyze@v1
joshjohanning-org,MyShuttle,.github/workflows/ci-cd.yml,github/codeql-action/analyze@v1
joshjohanning-org,zero-to-hero-codeql-test,.github/workflows/codeql-analysis.yml,github/codeql-action/autobuild@v1
joshjohanning-org,MyShuttle,.github/workflows/ci-cd.yml,github/codeql-action/autobuild@v1
joshjohanning-org,zero-to-hero-codeql-test,.github/workflows/codeql-analysis.yml,github/codeql-action/init@v1
joshjohanning-org,MyShuttle,.github/workflows/ci-cd.yml,github/codeql-action/init@v1
joshjohanning-org,MyShuttle,.github/workflows/ci-cd.yml,github/codeql-action/upload-sarif@v1
joshjohanning-org,MyShuttle,.github/workflows/ci-cd.yml,github/codeql-action/upload-sarif@v1
joshjohanning-org,new-org-issueops,.github/workflows/create-org.yml,joshjohanning/approveops@v1
joshjohanning-org,azdo-commit-message-enforcer-testing,.github/workflows/pr-commit-message-enforcer-and-linker.yml,joshjohanning/azdo_commit_message_validator@v1
joshjohanning-org,MyShuttle,.github/workflows/ci-cd.yml,marocchino/sticky-pull-request-comment@v2
joshjohanning-org,importer-issue-ops,.github/workflows/ci.yml,ruby/setup-ruby@v1
joshjohanning-org,importer-issue-ops,.github/workflows/ci.yml,ruby/setup-ruby@v1
joshjohanning-org,new-org-issueops,.github/workflows/create-org.yml,stefanbuck/github-issue-parser@v2
joshjohanning-org,issueops-services-mockup,.github/workflows/prepare.yml,stefanbuck/github-issue-parser@v3.0.1
joshjohanning-org,migrations-via-actions-v3-from-gitlab-ghes-to-ghec-parser-updates-using-API,.github/workflows/migration-prepare.yml,stefanbuck/github-issue-parser@v3.0.1
joshjohanning-org,readtime6-actions-lab,.github/workflows/readingtime6.yml,test-summary/action@dist
joshjohanning-org,MyShuttle,.github/workflows/ci-cd.yml,tspascoal/cobertura-action@master
